xmin,ymin,xmax,ymax,confidence,class,name
745.5787353516,48.4704589844,1142.6942138672,720.0,0.8689097166,0,person
124.7442626953,197.3345947266,844.3972167969,716.6505126953,0.6303241253,0,person
441.2387390137,439.3506469727,498.3807678223,708.5709838867,0.6167927384,27,tie
594.0817871094,377.3003540039,635.4239501953,437.1477661133,0.2740137577,67,cell phone
